velocity,angle,range
41.554251379405116,44.81319426415999,162.3420556234745
74.833125189741,42.57776504111174,557.9934471050208
49.69331378696391,15.373481483019178,140.27184984001352
78.71455554646101,22.083787518716157,466.5119787895047
70.39052437912915,39.99352972744855,508.62264405166707
94.64564832629439,76.91813441462449,426.3827152633478
14.734069838993285,53.334098959130365,49.03498337953434
61.214417367847815,85.87446389234105,9.005998675777818
23.974187806201904,22.847544411420422,51.83037844519099
15.685787396951413,39.84755327345781,48.878886491190755
56.95444603288549,51.52698398665424,351.858356676501
35.35706559408103,40.549592185538316,120.68700594765194
83.54177183591392,20.570118901774528,458.76179008399106
50.394386487206425,27.533641248459137,253.10791311394578
66.61642922565005,22.404713681078192,284.3018053882036
79.4616046256171,33.32746062410768,549.8260078363023
31.498165971455233,81.5393593700031,3.5000337041438527
87.1599573782654,87.0149677837495,90.60859096735605
52.283723141942,38.93214228868712,287.51586283866925
42.39597464673418,77.58497613522206,39.85320807948707
81.91256896017946,61.52416604798824,565.1484641317211
82.25399850096308,46.54235481624461,711.8594417731399
36.957869308146314,25.257860462978506,71.14196588440109
13.66399203490558,61.170532826105045,0.3265723202176716
86.92596263175196,18.88177333825714,494.70985995017816
85.974878082432,44.908066986270924,730.3645033966983
29.977061255986843,47.97205746360195,68.02299152236337
28.863487952402522,38.152658744600856,77.02057583083392
56.33539498606486,45.47833766929722,320.6920080119795
61.779698897038564,52.17615279555036,372.25990530679667
30.90348132175442,75.12462661112593,49.06687173588419
77.86266602975053,62.94726516567394,480.5731452992292
61.126484860476445,57.83552884305997,350.9274747122838
88.24420943628456,78.1777279565056,368.34433070423387
94.16589760855716,80.24177004190092,322.2540228187284
94.55787627722948,67.4781569610625,644.6019558258807
56.51609590299516,35.401010249345106,317.8350925750679
54.50631007669222,31.488847411490372,259.1997542381268
27.349344418701357,53.37162354502516,54.9398933822299
70.21128814302443,16.26432766366751,271.90906541478006
79.50329177610104,37.07020336039624,613.4981978159445
94.32496693834071,67.61351795204772,667.3440876572287
13.378343233664475,19.67677456025256,2.6619604186850445
65.5495398351579,40.94868950134251,373.95142520006556
86.49326030155537,25.969126267835193,601.6827897638526
85.96594238819755,53.98733084545405,726.1766926897908
72.65885074608696,22.870323393445286,386.4879476266822
67.12934393998712,68.95446992624107,293.4791220218727
79.38178876814972,73.8643356831362,310.229239169293
39.41462184182764,70.91603952731992,80.42644107330935
69.06301596789882,82.30068658795938,138.47730804179798
52.76319495862165,75.85925977193776,113.51772743975091
52.12236990001586,52.64077840090832,288.1588039605638
19.46469222520397,33.57543150730491,71.97464679154004
90.97572033104032,76.86906119048723,371.0648234015768
49.22497510823526,78.27020951772998,107.8024313532009
22.99214968930434,66.92021631059328,41.752724605857104
59.20729087477051,57.0768021310302,348.91606679734696
89.72050452745367,45.289970054586405,839.6096200927703
48.53079019817169,71.21457418928973,118.87935700452542
75.25867024070033,35.854504007454466,506.65388570509015
24.43712335713328,39.24731465239945,48.94609703513983
25.458167126995924,28.998165226810723,25.324113067082823
60.40581827557339,67.54345299019428,279.3641130383611
65.22518663113023,31.34528460375802,419.4043041828419
70.9965448225291,32.527945084789636,487.0882894357388
84.5636615797981,74.56762915678672,347.34958049049726
14.832209096676156,78.72495369274856,17.29771943674406
91.1261905523443,85.51883114380553,112.53799034216024
76.01710111108031,16.091226341048255,323.63378446894427
43.96709674330661,19.709736717165445,137.21539969474077
57.856437553864794,57.006977966380006,307.12499229974316
92.74251295236101,25.393075468973294,659.7516980310032
83.35226636478023,19.458327320152605,452.0804320562962
58.31477665988338,19.812095003623615,231.17538962480748
66.32700956494185,55.253124171858985,434.05715986151915
67.77537029531331,35.88278095220747,506.4139023805703
70.81950957775013,74.02327151843255,275.2524944514982
76.28930632102085,25.806757922835185,509.6290762541236
65.20246519944078,43.55597438995196,429.582863386184
44.37895619058857,52.83568087984321,189.04738656929646
68.70136276069424,33.74836551579753,439.88585157805085
45.42518804828453,84.32484680575372,-16.813395473880114
63.353129564884526,46.45645066609109,410.3350748757221
92.28570559976082,19.14832900197579,532.9543916745552
24.67821396001368,47.083179673608015,61.558796081912014
41.29877023466693,35.803383834299126,162.26199055716265
31.255494365725763,53.90243017279218,111.0866457943751
82.00432900044245,86.94428310375712,97.89755530894789
35.702444334108485,59.72460926239029,91.68792273456324
62.06666636645881,54.23008589294496,340.16226640400185
13.003741692411573,26.134900983352466,35.74226366583264
76.06087714089497,25.400955556835978,432.5534661918767
73.61404803671324,22.30493542836947,386.1909338374194
57.83971549067199,15.86674897123298,159.35374758577046
23.50972119735256,75.55367556869342,25.35448677412541
59.205583595203,83.65286704621987,89.92945202410213
77.70588630864049,57.66713568217143,533.0752837143002
32.964823632590814,45.35785816178552,116.4351942039577
47.93863927291148,75.37940027715706,50.770238825593
33.87160771539921,47.81855839927755,100.32036739720641
27.032538694397783,80.75796511192203,55.182874432114176
53.353979857457624,50.711813849134444,331.63658166475903
25.672993792876817,21.692475468826302,93.91842180323238
84.69887917266482,31.310760865134355,670.5669235932208
69.92366453240622,74.6186545975404,203.8267562879622
46.56176333353239,58.81670379210049,174.11550217193178
82.5002891621505,19.546845032135458,460.61798016733746
44.51511284356309,42.57967388682822,182.66632797736736
17.03283322746256,81.63855714516188,19.396366090890442
16.704160045496376,73.57273620245144,-18.503025228130454
17.450323038211117,73.37646286679555,-12.99828945261816
90.39643879706509,44.41435393141934,859.953078630559
53.772175860268774,32.83235838832282,318.91777604150803
88.51372094637709,77.14528228379783,335.4887092795351
58.27183336022619,38.45684924875434,393.36871394842746
88.69652482679767,15.216928170413967,398.1472187342114
25.437088479993292,75.27006355965544,35.05793144047843
18.320019089368163,32.156507636466614,38.96546699532435
23.07965990504194,55.85415909283249,41.13739219602205
94.48828886400509,87.8111276091561,89.61220548540666
76.21773962132409,46.937536515651644,588.7349250118999
84.60187379914221,22.73811780701009,517.0459400116889
49.00091223863484,87.281820968206,9.471689283479115
60.38612188319477,42.352471868193504,395.3280665418261
20.08263313358622,25.598025345900172,22.043537527955586
91.57968030622008,45.36620220455118,877.9265707509318
60.801284315806825,81.47415305448169,128.12624754959106
38.62609773356255,64.25171992692708,94.58941823345876
94.10057066169175,49.62408447029684,874.7635083316294
63.74397247541527,28.447670786175138,380.85600566978815
51.47778759574338,22.80150400189951,228.9054204056924
58.8222396395356,36.831030914937685,310.3764584761968
31.677210470988552,34.70103312756136,109.3734787572721
44.46110156048972,40.84506226151582,200.43967221695024
70.35652027557418,59.50215637265504,404.4464180471284
39.054028641082965,76.57195478743844,100.25779909403832
84.79360840553483,77.70863486608008,323.26433728566377
89.90562463853564,60.88813340321789,693.1717731900532
89.50451900026803,56.74080327877497,709.743289526788
13.80246903126946,18.475358752340963,5.011338117848156
37.893616748105146,76.88368726105746,79.17349192509639
34.296783384926485,82.11956812898889,42.135402360626415
79.4122280623373,24.328852507985445,479.7536034926658
27.509720075256766,48.742363420549594,71.66392548112387
41.70092673860455,31.438681513358727,159.7067964382979
72.44705121034275,80.46710201553479,168.6332308659209
42.78425395801006,34.905751440521755,187.22893236339613
84.95235114757642,39.33433126614716,722.2223367540024
37.12186770937223,43.85203807985965,165.20568614203464
41.82038396204676,53.765007898706834,162.85975357821914
16.192649743904884,59.996984513829,35.4133141395169
73.75200025387028,58.07799092943876,479.1643995195938
69.49317817748484,18.864336867508268,280.35059273911986
66.05534067486659,68.13322233893035,299.0863644575186
89.3976469011042,39.13732714244972,812.9302651550076
80.22563415902763,38.99710947089574,604.162014119501
72.52729704772398,25.542079033715055,453.0810200736345
22.04134460066028,20.10725248752474,45.17314816435234
27.379858436541067,37.5407002892951,73.6807914859649
12.043027287955738,56.042823576831545,34.75094427027176
55.44122993731377,43.21064835421542,288.56159910269247
46.012106752049775,24.47908918842691,115.4303123597994
76.96029151489498,84.85111420841669,126.24612406108679
31.364627023212137,50.52039562472788,102.86665268544775
36.72374209189675,28.51236580406619,88.81279410330161
30.046878222359766,25.414614449089335,43.56955381408057
51.29607789363949,47.88920441050475,245.79214155343848
37.30889946564582,58.20165574526141,137.75668995728654
65.21332052751838,28.031860463557486,343.51893507861746
54.9804071775894,55.55290513040547,263.27915358939583
23.124974969299707,30.686685068620072,2.403046637624051
16.401519909834338,31.834766304171804,35.74448104276435
29.21692319782519,31.29542087972628,74.43774023568169
60.160910746352236,83.54515528878669,94.47575933605718
32.119578837489925,41.57421606681195,88.06466020847057
63.29043529385348,32.76934873249098,402.9028519431119
60.33096465338045,81.49645803610919,105.74693827520022
76.13293472251814,34.218664623297016,568.1086916347368
94.62720835033655,33.524916897236594,854.0969497271176
14.187713536989744,68.20625287037267,58.081197311015124
33.847865680121,15.940868121225996,34.91411984082921
15.975274896777345,72.67288674084847,10.083096012695197
70.98038796199592,62.201394104484265,424.9812760823883
55.96501636301156,66.86422448516797,219.93122251464547
15.693082333094432,24.336163496783385,45.86254695743419
91.29066658596,86.11142859823508,105.95043016105188
34.183491711182086,76.70919783271806,54.2457830587533
32.68677333969059,52.122720257686055,132.91590139580296
55.2762192780201,35.411650101425806,327.703546718379
69.31382327201524,77.77752062884724,244.58644902005764
42.752817882649325,39.749276375430256,214.7294754536494
61.67830482614802,36.00997394183911,333.5710576942482
71.97172237156363,53.447145961522374,507.5361713363181
27.848334580875097,57.148434829864456,73.76468527213116
38.45150969504989,77.462345000896,88.3855251699987
25.779847042203954,24.772084187769206,89.60062125304415
14.349261127056796,21.750343624782214,54.92875889314103
40.95462019008055,65.55580382280988,133.71987612267773
53.28259273381466,44.21977589440334,306.3875883207525
90.40723099383986,49.914533236796785,784.1387083333801
16.438848817472987,37.646397726537714,45.92613704770327
52.29795403661109,87.13703861189546,5.280597191313117
44.27061094395986,31.381905442623847,171.15067013696464
23.563799057941484,78.77277010584376,71.05581465363295
45.77495223675474,38.70378945581507,184.55958218335684
49.886435268552844,49.54761958694168,239.68110870366277
40.09270416441393,63.46590049199507,131.0114691511317
71.08584553355446,73.0447530686989,297.9535182851987
59.97385813103323,20.587693539879858,207.94220426772046
16.145373144614805,54.200108504066264,17.596381053977503
14.342229260523078,67.27998534312856,-17.605109377636648
20.231412740157957,73.54198858738485,16.20585909787976
40.51253825326232,48.238420254748505,156.64458956432833
74.21532101049846,81.05012567413767,162.5275454821363
45.474647342756626,32.655288623449955,183.06806396869564
61.72463986563475,51.210598249576634,359.9390586284091
89.95185390935889,63.77857022734907,640.8917477073892
38.17333801186041,16.839505567778257,78.41939317978456
90.94548269030321,85.2766928617745,157.27073738570311
14.29954112212894,60.34148574902816,48.91339866779231
68.2432368902002,31.418366539827115,391.4160902560709
44.083915365062474,32.71378491140757,183.74634122931633
42.832892614849854,15.89537525012097,96.19355390023807
47.33956273943631,70.80299245865584,130.9120540606749
67.46656498332968,79.7885122096546,201.3288548505164
14.876413837162232,28.992918579831965,3.8904905020803984
44.340538264974136,41.96311437683634,178.29425707369597
62.57639353232142,16.643964199031075,281.79649899425914
74.0724596422518,28.941638873399903,484.09679800610445
71.07765063610321,60.85047020950935,462.4711767993843
85.65234069085174,25.328818407492903,540.70205648919
71.73421879997434,52.010430879037955,538.6076936814305
78.22132809812236,29.635794282240436,558.2097081777965
18.450295390512913,28.827419090009094,73.02176558851785
40.730571996177,63.554580685141374,101.18018110507852
59.32557036945825,50.05685406949167,344.0647410780422
19.203165775970767,22.344474277805237,18.245657227352336
77.18801103901811,57.474570095905555,544.1406201498284
80.20177705452022,60.46204023533058,556.4054903813043
23.434841330296642,34.94837979187848,39.941768685331546
82.42902013946224,28.393318290086725,611.6057430615837
56.2101938672298,28.466963464367165,272.69361972457796
61.79675674245241,23.345546911681588,283.61185498103663
43.68643865696688,81.67078057244264,45.8711403094417
62.43251470364607,43.33183172840016,389.1237307586924
54.260201326513304,22.9386484519007,221.32596690043374
94.90840253590903,68.93661195504448,614.5485704574025
33.38453294314094,49.87177806457977,109.79205302105338
21.37159511083736,39.28955144827523,80.87518213596327
84.043496981483,17.79011172701495,383.9048711446045
38.70072113127492,70.96496599299857,110.7074125025144
62.426941404118644,19.895806229358264,278.3377457608004
76.28460489980871,55.01531867812495,528.0904005794281
41.79332198133133,17.897900970083434,114.17394897123391
18.793933160855808,15.99467608489947,4.610089293529246
30.237860941137306,74.95107356679745,61.422707530475265
55.79570711412638,19.909842137864548,187.0336402097868
82.87830949606902,59.57351125731957,620.8851076626918
84.4797256874243,41.725667315111544,693.8957023508891
87.02434469361968,71.66047283204361,465.32645004676516
32.67854610193746,51.715049186332024,118.96241267669309
51.43176528479099,49.7025180662841,290.9956462250348
87.6948071594321,47.62670536534102,720.0245732249375
22.138716516608184,24.092730589134405,25.27539983349009
21.74511925141759,62.07602828404542,68.42236580069564
14.09197911465144,67.79168421881116,3.3848474805142903
30.731427068605942,68.07594184563965,99.80121145068095
51.48376123281232,81.17440278833466,114.84627616183633
19.315992739111046,17.089316915413338,27.373254355806885
68.52427691627105,83.94646029148262,102.55638567365695
30.416364607652376,51.09295926189677,73.13259293445113
66.65119317610434,35.79452314736187,477.03240938491746
69.83143637996781,16.63608216193905,277.30022539693806
56.312280287414715,49.35086603639592,269.1702578653884
12.278669259498653,50.434195671812674,26.21958019814576
80.7251056507688,65.26267776479276,533.6750376951345
16.677242864955794,22.537340585907522,17.802824652915795
23.274544622911527,79.60252913064251,-16.25952589482377
43.67576623028275,43.460951873718685,166.16753994945753
83.90150587032471,22.139890281360984,531.0038296455094
59.542555957564005,68.31103898201866,241.37675046094824
76.06720599265702,66.1375664850047,462.2378091839805
40.65760648475472,52.49733809907721,190.86044958417847
65.10517437270639,72.47691465776941,217.62252616484733
33.54710182794227,52.312880615677074,71.10069920766662
77.51486688877681,32.02295852983623,515.4009952227839
92.51051151930585,87.2577185377475,98.63275765217466
69.67287062499068,75.51551671111528,238.23303639777603
22.682758843054962,62.35031556670968,47.77515268431699
20.14522467764968,39.00694082406815,54.574281648536655
94.26865828139597,28.03956483688868,795.1423591651867
47.86680461977772,44.283328944507076,266.0466970371096
58.69179313030502,75.81837835141981,218.15441710132254
83.90186540374354,34.97847588093644,675.2485076917865
78.77140895081388,37.33414622183304,597.7108726836465
71.11818877116957,51.67970854115889,497.1676580957644
31.20152349875044,85.1513398307774,45.88250548051475
72.71543483563981,61.31512183473305,432.5542003695126
20.661910739681318,77.95097736064878,-12.683061766999167
36.633407236248395,86.63163936113403,8.012189657761335
23.57784055901308,58.18398136618007,53.448736577037785
39.30606429722279,59.244399400584335,157.83180814694813
39.01610716333341,87.90738414983706,23.732290584990974
88.29886313384262,27.404055597303426,636.9143123203133
35.87592633495564,60.17994940961084,81.32642992760401
41.74644462664603,60.112313831200176,177.5027186950988
12.304064256143876,64.87177377720707,-23.87190699239889
46.72106288532079,55.6090538751941,209.93725461992668
93.37872196873478,70.97438419235144,568.1973066187714
35.23634795428497,43.17661628282177,130.05113586951884
50.15627574192262,51.41776845807969,218.05335966402993
26.619384115624484,77.66832287411506,30.543225425089133
91.01349882980007,68.78360391459927,551.9382989794296
14.47850137410296,62.63190503193117,-6.12247471153092
89.26051499906002,47.61913813020654,824.5896521401601
13.766513886694437,46.86371030204512,71.17936802760548
31.359961356809027,83.38218561648668,82.10253629215133
81.55237228212555,54.261648839667984,666.4215489432861
86.96432542830787,66.35546645885769,593.7064691405827
35.19899432130486,81.54456489552172,73.60739465609036
53.16791864583234,73.52406406717148,150.56208267903895
90.75792352512526,17.561575684987027,439.55218582000754
72.10834177821474,38.94005765793605,521.1664788743055
31.477261989800926,28.471801662797652,66.69734977291407
15.614582214026143,82.15890375042295,23.498522386124673
55.042027358659176,34.82060023033635,292.3461981573626
27.30907884815801,69.87569973251806,77.22108547725637
51.62210019467225,81.26951231866268,78.18220722246076
88.94950877134322,85.19410588876484,121.04421207080476
89.21948767955122,28.168420085127295,653.9799414522395
33.120003203070326,19.58017930613137,29.641292095596967
86.45554437583542,57.53199260336759,688.1615466365213
85.20811560519003,79.89846157603341,292.8379587941654
30.087186993676106,16.45382843977839,45.75519114620345
43.75727265331108,72.29005354525418,124.09218403043268
87.24470289434763,54.14421897328887,742.0079238688484
60.52481642426219,25.270624012474876,299.2470522571348
73.16571006933765,57.574777945848,455.20264914877674
51.71768084509789,30.701351556659304,224.96243940101488
88.68658974005199,70.7569013122903,518.1354761374632
75.89285376272662,87.39982822932089,9.160976010650657
17.61459694885267,70.26557981295325,-2.1686196787248733
56.58384852196963,41.19684827083067,337.0346024584273
21.18732800981056,87.1753704380759,-45.799597665338084
18.70415679094254,29.47506471702172,18.49372923657897
40.89279138253001,67.3235448864398,125.84770020054616
34.28710971134916,17.926376604916886,57.96997828044787
92.64698042403514,50.10831501298863,846.7068704148013
19.947657944020637,77.48486403044126,42.99617833997118
52.30582820791865,66.89398814071029,193.38623850113763
41.894545799933624,16.181843170492503,64.12605158239703
29.81318826199956,56.21000498801467,111.53205471638249
56.84625730502051,21.1621103339128,225.33412783865666
35.63949324827798,16.279822952471463,11.808172403406651
19.05168075774635,39.775623598213,27.249513802156702
72.21620052465798,21.248323140100116,326.4974489339114
48.47332819781947,84.23478027108767,35.70958528533988
27.238887312263486,63.13043230253857,29.125469730459074
23.07835273612256,54.15701299165696,22.03738313362986
32.18248569499006,72.0780624163747,50.085410231903744
86.59866683874682,36.988716379575905,796.1037651896835
50.0176496637053,37.36304666380944,229.86418831779199
72.71680795945736,63.97020046122273,437.567334571316
15.84555044089948,66.79555736577532,24.156417670149946
77.70669706481564,56.64205730508023,575.3454428339069
86.60227923753703,84.64901888463932,134.82499563736613
45.91636551496957,35.9129970361647,199.83308522849708
48.07491109149919,26.65039044229247,178.5865750805284
26.79905920523195,54.89729186811768,73.26884559702808
49.95658590429286,60.71316670008689,197.79399443145866
42.71575426681448,44.885123033681154,139.30667649003834
37.640477986204175,36.802033821884294,75.14160739289022
57.08197947647279,49.1955443533108,333.9046776655076
72.75094348525101,82.47604574895509,114.53268022971471
62.101868244399725,56.41403662276384,368.1227136371714
24.59895310189497,20.905503536594026,40.441162088940715
94.66806612854303,49.21240519813889,897.9449833844695
39.90690091147238,38.332021227672854,127.72764488585864
30.65180485235507,23.7213670424856,62.01518796938868
86.30203659297132,77.3623944372459,311.57524461312124
88.75356148678492,57.31731791769598,698.8542125908572
48.47786745795198,81.41641615095422,87.2064847784385
60.90847507170769,21.75685142579531,297.94558029152853
89.06160227922771,16.71614189525062,464.71464555296376
51.16207962982335,19.642908266673025,183.13539843761586
94.36701658342764,67.5227136839743,651.8168465988459
65.11126858707136,37.81627352088083,413.22140677882174
92.72488579853425,55.995532905631194,815.5128840692761
22.722947303086848,75.38463238241773,59.00824867274105
46.733401310981165,41.2962920206908,222.80633758167917
88.33545882840833,68.7858459869174,527.102105347315
22.865678321385978,26.491867258811716,77.52417647850342
58.92709482181561,80.5721866693794,134.13563532772693
28.093310672707265,37.98042922172119,95.94324477542578
77.79883177969687,44.10307170438708,562.6888356891964
85.38996151209783,16.314409922310155,400.6782234360109
48.46011702016554,56.92288623766433,244.42065990192935
75.61348155599788,21.8956020910188,384.652944772941
17.975005347890306,32.10670288786902,81.67806102361047
43.58115249436413,18.423507214240004,118.4967436945999
94.03017865988747,46.34434049712816,926.2885334739336
61.52347245017986,78.9575752652806,105.03566379692604
64.98923492252638,69.80150449592549,253.33909931766095
28.997080094904387,21.68663237190844,28.26198957903069
49.26567871820149,74.99232591040399,149.99116259867745
86.75598467328405,30.69405984282023,644.9252130149919
57.53491087013224,50.37076363281538,329.92135395159994
47.258187972103656,61.25231787068007,207.91745258212768
22.053846486021882,51.83155501740316,8.301585283404073
37.7769276734802,30.02451673200026,122.98330347439565
32.73931291010426,31.178436002490237,103.0632339575411
58.510337168776715,51.12530421849411,374.7476120797854
23.814705035241065,48.47186999787324,55.938378813751115
69.98254854851541,81.7993413298614,85.9117902862331
78.97272518320916,15.984545492439448,332.7174878516964
47.01153214469787,47.85880257219185,262.6280289840221
25.425918530424372,76.26220683100811,37.80829313434532
16.34263756521501,72.01939047343419,38.36455162670178
70.30669146255708,33.64067178415246,487.44155269884357
74.96521178665516,82.77431813634831,102.78327758730609
16.979468028197935,73.5720588850919,8.656184981220797
85.06100247515556,44.70980509098585,716.0535636543543
27.50916406962053,83.83649621275067,48.869219048361956
63.62479254575398,73.34462237441437,239.94465370115114
19.516383935600437,85.22692887531133,-19.18809460752378
92.4716913637223,67.00641244071602,668.2765949449084
34.55282455777244,64.8486907576249,71.42070641743284
55.22085762471778,37.91391556967035,332.36085270008346
79.69444348640211,30.637775554308348,556.0113872215172
15.467466217897634,31.071752518874536,36.833697009598275
83.74279607145006,65.13610761284247,596.7831612054249
54.93320497112868,15.388528175244963,138.97719930791595
29.783937550720438,76.81797297268795,83.76793602199902
22.276523889741405,52.337295803354124,35.067698412229646
75.5840975905814,72.02610962270643,346.2164000398261
22.810173617146344,53.18882163656877,60.996367418286894
94.77831444748887,41.98646756036348,914.6371164476718
62.577400255506255,40.5653637217111,451.41043469403246
14.802877456071041,42.84991272838226,-17.857687142860232
70.75327480825054,57.168814355431834,467.36944473828714
62.15630867792364,26.819358377242807,276.6416805694223
88.90621803771778,38.16671340103723,790.3677273349198
61.318278242602084,72.65988669723069,196.78980723197435
53.125634923213354,20.983058860342293,197.99998390705454
61.556008526254914,34.33395796663167,412.5936949430224
24.46910770705707,31.075391691957297,55.10340750391061
40.194366681098934,84.25776832800585,49.34319137576399
89.06681435058445,57.51366214654975,751.5230822592964
31.446780815483862,80.48694426880574,57.31161973838667
42.901019901597635,67.0786455564778,151.36863872856267
38.22345572345888,31.64431752813678,117.50699979958146
41.174240749559864,57.802638360557154,163.36718712421884
12.09965703056013,39.30566484315976,-7.918410862906988
54.50220159471892,49.444691247148896,290.9351055993538
71.53038102362241,40.20936527509583,516.6182083425771
31.95787143842124,59.27861497410824,47.54302417893431
51.82176129237966,69.47918038877188,218.90319249241566
91.99185560243443,36.298404045233056,814.533158910033
57.64537882542807,23.231755477922807,219.8338300331178
55.209091203618684,35.342784535180684,263.8733739164438
91.7099771850269,69.1463290039077,602.4961087182338
53.337091536800735,17.674131420873188,183.19477102629418
24.737847699885776,49.545615144102044,74.88875517956245
55.23410372683987,41.45182803994894,271.8022185358928
68.72824406635243,84.53687222751189,95.33831470430226
21.931351044123314,25.112126299991917,30.94339796988649
88.61673142276736,17.2907469060065,381.89276385106547
16.983432544895226,65.18907402690529,31.577517652330545
88.37378005884192,43.5585957328969,791.649377945489
44.782057510548285,55.09531615207445,203.1807097839426
30.716657068245006,80.84725636227643,18.58348548548851
93.4485919309764,19.8744105519805,601.8661082416604
74.9327956141154,71.30318309373753,374.06130037607716
49.614954820554445,33.3518445382761,235.3255157153656
28.639627578314858,35.361945678741556,53.651265511438666
34.312352249637655,65.64568635226377,84.58328352464291
34.247773172813496,47.861635579957046,136.1400528348083
84.87964127365237,45.47982344552264,718.2336360416643
46.11395253530622,87.78601230967656,-25.37595258389167
44.53858880625844,67.2398722525295,111.4902523081756
25.97999387469491,82.1063301203091,25.77746570806529
46.26600176949537,48.1482989187486,165.70320709909362
82.95239289436373,41.45480615742388,663.9490557963636
28.819083503192957,47.75437426453587,60.23282454702017
73.99170278153522,21.378914483562845,393.2140080394253
40.4773342431083,76.07484006985628,83.75813123833453
89.7278802854567,26.41850429352402,642.1434695807037
15.687316396637993,36.975626680830146,57.99597663905721
26.135331338798636,50.90277753473084,91.11243730971614
20.53555437843309,63.23636004299646,12.429998437485825
16.53223769892673,31.63456742401709,1.4536679493118676
72.12865900329851,42.20484884715121,527.7996556743092
15.168961987323048,39.70100981494784,5.091291725898785
91.5055865938215,47.96141072361652,860.2670845179877
48.81627910546624,70.50681294646884,171.97552374111572
49.96017074911739,29.225081515134292,221.70484366440184
68.67468898226028,86.5773154179139,58.488255223084295
67.01033687499165,32.87892958729002,405.2651982248667
30.612204582200885,69.34781779323404,60.40639642655146
74.40754094433898,27.367138215178233,483.54975489024486
41.65902063564774,33.69290028255019,166.9923123508127
36.23320248971513,30.29824829593644,124.1535446066168
61.60023248868614,40.508192171487266,421.86300365642643
83.62900823485458,23.739727991708296,523.0945606121991
71.4045495853571,76.25055588187851,214.7505911552392
71.30446092897179,19.5608182073807,318.78466338741464
87.15994004609587,59.09550208476335,671.9081645029929
81.52837829025249,85.25773498465139,149.64544471646315
58.57889967591258,45.39393861706321,354.6256103457468
17.422979836073516,51.40522014645023,0.9760667515233443
16.355965973561958,26.037079182403033,24.92011873547061
73.87989131009346,85.35037692335266,133.60994037222815
16.609033792424025,74.54862701355532,39.617422092636936
25.419856585400616,27.199186546008363,57.71681280479966
59.694518710077936,21.21234048072129,231.56640886275665
70.2676425799755,39.376731523464585,528.2916865972117
48.460477676956266,53.15905282264121,210.6719325692572
22.595927033662484,35.801457494218425,69.57999880521434
42.273667976865866,20.004521965525093,124.90291544367545
72.42233510760872,46.24751477813202,545.3058414628317
50.7626326589156,44.62558613729371,241.6481800380314
68.801388881326,60.997613809263555,396.54410242826845
20.91273969281663,54.34174679420333,51.97325136788916
93.79416884078532,40.0175304223626,842.2974114755533
70.98479801625305,58.53639802459977,436.5279626050967
43.50239020025195,75.65814999287934,124.49102291332743
32.035204671390005,49.72045145281894,141.7423433032625
52.63969362040195,47.24508981406922,292.80434670939525
20.269215745885703,36.54804310105574,17.690160774859574
19.00759098151732,57.73677344249017,17.888153749664035
88.85018598244126,52.70957670479793,799.7923584200759
75.3693924519273,58.729318031530866,498.9438820004523
19.493313637148496,23.880903243821766,6.740708437364393
25.900568825042953,81.0570558355489,19.489561236828784
88.10581782888012,58.817433927935305,692.0940190119073
31.89739714389097,54.9711486957202,63.172207634629814
68.3850817037164,46.461260863373255,464.9382448299875
24.646094834475512,61.598492396551684,62.56563679465475
85.34309233052151,65.1419802343551,576.3762773232351
17.7314816768944,72.31624647195434,-4.62598617680834
70.8371063020618,81.22910584032243,105.10863045345252
19.397859481216102,45.05998764100021,8.60574788562867
34.32102938449523,66.33373896385206,99.26452662085933
28.65228397731047,85.33582549009388,19.802509741132383
58.610751162707714,60.96268487757962,286.70130404712296
29.509939153642204,76.26736204381982,17.3658186097787
29.702275917345126,72.67357575726655,27.425875554985357
50.193420301570654,25.38112138327252,183.21324744669306
51.46274388838767,23.79569225011594,135.39563650184982
80.69909684985811,49.453752723171284,642.5215386396719
75.94837479313622,84.07233292392542,93.17935342613438
26.785233486867256,21.495436836632777,54.30861094545081
64.18646281860359,67.53465050087851,296.06574100954526
13.581256171838476,61.79724383710248,-11.194107721008859
43.41380306080398,59.357833441695526,146.68947569892933
58.30790777750239,43.24344595043747,352.5555325344507
48.12050349751339,21.587821485027437,202.37918764193665
12.734293752051745,25.26301511267091,56.053173380057146
45.1458006467803,83.09796543577937,24.89128073739938
18.734817644231168,48.98066768671621,25.47681311265191
84.86056584446605,85.17878847138529,147.52630963397777
14.05072643671832,26.603374468322897,30.41394397811461
22.599998613990543,25.01768403965245,4.324057051915503
88.54840844606828,81.94479922381385,201.0493604199933
57.73524956496443,42.92960390681113,387.14753178943704
34.310746102437435,16.713303518589242,13.46208887875217
69.61418115080194,15.143821659962729,282.7501013579151
15.412409543724014,63.87489420918735,25.43430587549356
53.79924092384329,56.851947635404834,259.02101865490704
35.92939940997788,61.884160850874714,119.26700744706183
47.01450490703141,67.45522794359763,178.95618600912965
22.026671489256685,32.42689432513957,27.014302654001632
22.131698528399415,84.06262658512314,34.35037114596389
76.04741187418482,22.444535234367862,408.32495735953216
12.793644734868899,82.55749673835976,53.39944953418101
31.628686581374694,59.62999418087936,94.40620742754922
15.56573620766111,56.88771505362152,6.195549005299526
67.00423355015712,80.83488848866646,148.5345382855684
24.70048899372237,72.58335023813552,21.433865569989003
89.78132314440141,77.26657793740961,365.0402706580428
66.22491439168631,44.50985575743527,427.6265824704053
44.68398320218181,27.566420360391014,149.47611277330464
91.66023344431899,87.32693835366791,113.96067412236194
44.42687566485664,33.991420189462225,180.72414829726156
59.089118330942775,28.386659287299054,290.23176978016886
40.785338863956454,87.71526747008582,-6.816015334647846
25.027849766546865,79.09338453525785,27.224967744779942
21.985828535453066,62.63322596771666,9.155697501654892
17.744916728858268,22.244850155946757,61.953584464998606
76.35988172026454,75.97839874945308,288.2021838330934
17.863511097528846,77.62731578795217,25.113875383899618
37.23294816456422,66.37441324937744,120.52925563994977
15.522162372257224,84.3205978897457,14.301023256483104
15.688564844070488,47.26393501414804,-17.154953945053943
65.16195264502576,69.89042387145732,285.6359848510887
79.39670091684296,35.237476723101594,590.6194659948646
52.19989410661551,59.13390039031987,235.49682873036488
65.27722243285271,32.89549763540589,392.78850833766336
25.919433424747005,44.513376922757764,69.68821626703627
39.59338301530184,81.73892249976487,-1.7238759504323724
72.53512549190094,68.77206127119643,375.8797524281534
68.41520464679891,73.50160342358626,261.9585062792913
63.99932243249679,83.1693487032202,110.98527764723222
54.61884259214693,34.374581151060546,260.68394554480403
30.0326294348921,66.40246047409593,85.55335734437908
74.39025220419558,84.66210315409961,101.27086690362188
16.85758647142523,77.23795000275335,46.6594668892661
29.332935164455687,35.50527200736006,94.73848888518565
44.84664888525717,20.039796956205272,158.8633566452214
70.39957670744505,62.01208080322162,422.62833197844583
41.657816560944966,52.946075364798816,167.313032595576
61.80186418653968,81.90790563669941,105.23920002777896
79.64943228461068,28.65140402371648,550.536502494412
38.84065648029503,57.65484010364656,126.8629745357608
24.876110276371826,53.67591969946573,11.336628031865025
29.851155233984915,23.970796813051145,71.96761376699999
47.04201753984308,84.92069338385885,38.82770205923511
63.321466743621755,72.93062900582962,241.8456579029785
16.82803044192317,51.66630209778514,44.77840309630672
44.44790347046494,36.944985964388025,208.7120695655049
63.82325756855478,43.58030543764015,396.6387540605209
47.48611762549857,65.89192399392498,170.51980583610316
55.38700583440419,41.548191159230825,310.6031372993707
65.16635103269823,68.96998200788371,261.6575285400393
47.4530902252139,59.17156219792334,224.2351015416216
28.990158685583346,66.52160444836287,77.10472231814644
90.40514458704281,52.58773453755565,772.5242871548979
40.457551762018454,23.41425406288231,154.65060984955144
32.54590403495972,67.71531067197427,78.55845829047271
79.1032260613983,47.96836410301735,642.224065421702
76.03181840169503,71.15802525623971,367.14455879639615
83.61265496460602,54.16046745910429,691.7386861219086
53.65255157992494,36.81306024291409,292.11301092282287
78.54316120342193,60.89485870002684,592.7196178822377
92.05841650147417,47.648704704961936,863.7757564071496
51.05353762255816,47.38346794522467,263.5319226451834
38.3070357289119,82.37637832040474,49.07185400363612
14.791712441484908,17.8780190960982,57.78218226508307
45.014719407649615,23.619780538341292,116.3996492844231
17.885186491574476,65.36143071412889,62.10678451559144
25.27861105864561,62.98006807809396,46.30608008671408
80.94783450045719,67.73353350565647,460.63251129736096
45.755904012532135,59.4030487009999,144.9409088602335
17.212295869043718,50.13770694797994,62.13257369277319
88.03536078502438,78.953609157481,269.4236944322631
85.54935663041873,83.98350464980538,152.45063902412662
13.784684378010084,21.853205591358705,2.524473862486449
26.97111960102664,49.01401018792154,90.40925984648808
91.08151030033122,20.665199859989695,550.0558669931906
23.225069541119996,27.259223264713732,59.66872642392353
61.0897752939283,49.576813439241434,366.45238716102705
38.190773245100594,50.56835510628027,117.68330966142017
26.115699532677034,85.82532098676468,-9.058438028753338
13.185238923740625,45.57920032061631,16.712557330380537
19.029720635199467,71.02738418908174,16.403164971857375
74.96887930266718,35.06398983838881,539.0261934391357
23.99577437595314,28.711690460052864,29.93845721941618
59.05617384448848,17.197383473197625,207.95261165076616
14.123661942760489,62.17692157008011,12.478566388301276
34.39161932716168,47.93976695767648,94.60020036321103
37.911056506531764,37.54690777911936,190.87404620858587
91.73056298623915,59.96025302734834,725.0488062309117
57.23655033900212,23.298452627817554,231.5212599681393
81.77212647824946,32.88110386138865,605.6002560879859
64.12288607460961,72.83152420430977,246.3786320440212
31.280879410384244,72.83336780228309,39.71297162409472
59.225491037540706,49.55478374239485,396.19976261836405
84.27814080078396,48.12297592295431,720.5841330680884
69.09272952055022,49.260037597177345,495.0634989721842
54.85843733766044,44.77155227436872,309.52850857530257
13.989867703330871,63.77717039383285,64.66803815776359
35.65473154265328,16.99946791196216,33.80054347330483
90.34987854132086,19.801065482583,534.3804678488773
57.656790302750316,54.952631731646186,319.61541837570127
17.617575962175973,57.65039852558641,9.228305957346251
16.618748338153885,65.18739595328839,7.3194496862127
65.66205009160299,38.07090337053495,398.65410466246755
46.975877388396746,86.3949493495242,55.6946549599541
38.327224978596405,62.06781609296942,121.82391338142385
28.140929404504856,50.26725847667271,85.86778291026907
16.320757801342605,72.90517521834339,31.738272731586733
82.82955316573653,75.52198953686606,348.3924990530415
34.39459652194345,83.46123297903749,28.054068981053433
64.7897791664108,77.18117141858075,186.84010905780647
18.327321393682563,24.766057108353394,36.88012853744281
32.149556187339364,64.55255784239458,98.7676305263557
61.38182493244578,27.571769193654465,296.1049316095309
91.76311116066334,70.25864348542777,535.5566247851473
88.55019499427883,19.1859579128706,500.0752454825047
42.82545745301964,51.853706144393335,208.26816411918617
44.03504758388323,40.33750100528637,182.6700310049577
89.18532719977443,44.533090577711604,843.0556354351988
54.16507999993557,24.652625187340277,228.20685809627994
71.24936929021266,66.71325363791564,392.24105700324384
88.77408488714717,26.527772509543006,609.1969856886319
56.41418223408888,33.93702437782461,297.14147167453496
59.700582061317306,68.10861883032089,318.3450821808956
18.78954220735106,40.75951560091171,94.60113566238849
45.72543668310174,35.201253672466684,216.70921953642605
73.54795739468466,83.31107323751473,162.8187575236552
42.51421835239657,82.43798941122633,20.38417696938453
85.48908542612382,31.828175916567,727.2016178707155
73.07302910582231,59.63034448520627,485.3276062543899
18.484412690231952,16.78188045500282,50.82161740767705
79.55183514258499,72.52038302022025,391.6323986186198
60.757685699891425,59.03817230733137,317.21930537523355
41.89660302892751,45.95391408667635,189.06607634210485
56.186696103899806,61.797759533654414,314.57063207802497
29.427792424747434,39.72973823343324,127.50140639826488
40.71274039123509,78.20855055474541,79.96221738640915
47.603689483967365,57.7747854615755,197.7893290481988
54.23872805176536,64.34390397354969,246.1306573306995
69.13791522562326,46.75303261476892,528.8628237608291
32.285748836540606,55.34339131910349,61.655693416923405
79.92916928274303,15.554656976006308,320.80376745401594
60.41983816278944,48.60393786746307,356.22902225756627
66.18538829681479,31.872267241701238,413.02490823943515
83.69289022688508,15.500061966083301,377.64218377898044
21.342067765395484,75.0749864632939,-22.580873800674826
37.103564582528776,21.473474657965305,93.59381627366086
70.9497648290473,74.35586447178355,284.1824243525879
22.85802829920822,34.04279446582849,66.61941626708881
38.97264737403696,85.94682697176327,62.80980662709035
65.96050504860833,85.40670026103632,103.37140673830487
39.33502893957076,41.5279746623295,141.70435380089899
55.122524803468075,58.7973365953672,277.99006884163776
73.18669311089201,28.440930052648614,511.22784770254384
86.874862661439,62.27391828635868,608.0748460365422
19.77487795007105,51.688262631849966,-5.842400323758511
25.689883731990292,48.971363409536764,87.6654542140449
32.29124702876956,74.8221353946335,35.057071846959545
15.897697603837507,56.22878488585818,55.459526350606154
31.893027809547668,47.5961420109564,111.99816022653528
69.77603480509796,72.68988894738392,265.48552709725345
23.80966771316976,67.65887965263246,78.35967874531022
24.073667604679756,66.41830901467144,45.93260128326859
18.420029669246237,64.16551493977875,30.443694624705174
32.30585791024258,31.22021397554682,79.05542966757733
38.49616304606445,18.068508764622628,39.48189543929617
61.336332241634814,46.40496099828696,420.7307524626919
28.730795205411397,57.71856726379675,15.184679344494867
62.213352025954904,49.198458859380445,417.57598678340537
30.260110196857255,52.28470690246728,93.30130388918609
41.587165625676604,32.42182913022431,182.580077583947
49.54494097802964,19.815029579742674,138.5285561374397
83.10087855714625,50.767953621783164,718.8898934971521
24.701618043630894,38.31280186421222,59.05476227583906
61.678633292440985,58.456297071231674,317.94021276863225
23.257273860045537,19.42209954776713,62.291963985368696
87.44679754391234,28.622176003739202,639.9697534357475
27.989538077058334,74.42478051899127,43.424572565168575
58.42078954201217,41.472123918873734,342.18681776414365
89.5641333813545,81.06343466467432,248.3255198284754
19.966206895709565,36.64410645586439,43.31320400045054
40.05489672916208,57.76474034088983,148.79481551658358
86.94849489555543,15.402891856242244,391.4097354844025
31.166034512969986,86.65670728757391,-4.863973896824351
81.06123300838962,83.5632038421493,142.1858242611878
71.98296990300338,77.61263479083186,227.5443170161409
23.1101370659038,63.45747288260815,61.804867123097225
25.217273506028402,32.802331804581286,59.841791392629574
35.287628764060145,69.78059875310424,55.72892914728748
24.622473905934353,77.20750252521833,60.068916460388934
31.224393395767137,73.95361759410875,72.8335866852743
48.29938134124297,81.49026663277746,67.37729800923655
92.3456201321447,19.760584654500516,572.3314952705354
25.429145808082694,64.66736030185811,45.66977398478108
12.079123173248721,77.62523911971192,15.696327831442304
35.89886231038746,79.42220869734459,-18.53079680658975
88.07899523456294,70.97338962061448,498.9632604662913
41.822984198076824,20.890898348925475,117.71095848748531
61.22406833995842,85.2438776349924,117.77101816391215
47.07746221071795,77.42097544825464,94.27968856950058
63.51489046132847,51.81377704300193,437.24018932210504
69.38308620483897,50.52449526438044,538.0359344914591
29.490955471663927,36.36925036054049,62.90952393957804
38.28665675018423,52.778704949891846,141.41844344617758
28.543996490260938,24.903124889011114,52.4037564655479
84.45300407071831,16.499886183942486,396.3540670370597
16.089032617509602,78.89810596054431,14.745260154284342
30.76003518794991,60.237624095468334,107.6967973770132
81.69538945589616,70.85333896359052,396.37224211476035
46.931542428953,50.74244305221022,271.9393210056325
45.180896520854624,18.554879583800936,103.4801883388403
92.27053707938585,21.175166157246828,605.4821471642911
68.61890453583865,40.72452013262727,451.107497290899
25.947910457244625,74.91632541549237,47.50975036520857
57.52123396744975,34.89647138439605,311.80848592983074
80.62089033785585,68.04922716671857,434.4446804908196
88.34366799155113,26.62146750758162,686.5234237377198
39.53289025542864,76.22582893125931,65.80249168986283
64.96182461274194,39.29140143273743,459.84436127618056
14.846957987397124,45.36322118952244,-4.9066415194755635
83.08437572105659,22.739586512702214,525.8643119863416
90.58127002598528,48.68881116805037,814.6513029657626
15.489989211107456,67.24283739609541,43.19988149650278
17.99012985667342,62.82160428028508,54.22589501493276
32.72191160715106,64.87228513039764,80.85155649619549
48.08418048880724,78.52679050200237,97.75231257869564
41.20819336449871,56.24122783902131,140.9049318050724
83.96785334157602,84.93967084980993,109.10892165095247
35.488466233945495,51.32254711307934,126.94285497041646
48.46935848445936,70.22745561741509,139.78955405911856
65.26078698920989,19.672255413373723,250.4615705105011
79.16634481070994,28.240333471281872,507.5984969516961
29.33889946983917,18.44729369827592,61.46228424076562
74.4414757045725,45.90872592791756,587.0828216499933
30.498036965583594,69.39309120738298,70.21736069870254
28.442274936144234,24.62370316088891,36.24240068012479
12.722136712265623,42.71702881515465,45.17416144938321
57.80097975724842,49.61480484311039,384.9793501328575
57.359072115415024,57.88371037208864,303.34730195951414
31.48502032759984,57.68572812476041,79.37900770381984
29.28899009697301,38.34943926302732,69.48122609721047
62.59263004136093,70.5368226651164,294.94698783369057
85.2006642984703,36.99643194647639,715.5516253393041
76.98247157604318,23.03401368190777,473.8709781048026
59.09160911077334,62.887691668380356,238.05429683262383
39.58611218717661,38.61757881635528,122.23693086161927
55.1645419238946,73.21256182034098,162.8006376490842
57.886154615507685,47.290557472917214,362.80533617919366
68.44475216191293,78.82265288304042,145.06863741848025
30.528304798818702,28.942467151950666,55.37183558719122
86.53001185919163,28.123435451982058,617.1886138909426
47.04908896205216,75.74450610108276,107.83049234205383
82.83816200164955,70.40879108188231,388.9828786207082
39.4088875686346,70.09816447040555,65.8667907285531
44.5409358176694,69.86057340206352,178.18716238080157
80.74650611369482,66.9049424834268,446.66350479673235
38.58994357483548,52.15752938552139,128.02459458277283
37.92830734419241,25.229948705139115,120.94834819149507
28.035363043652115,35.260071788664405,52.03421822908868
71.50831645584759,81.08634205893762,150.73457308269846
94.26119184540214,22.979092462854236,613.9476832082564
31.459749341575417,59.543166879833734,108.50554032776792
78.97905580349625,33.08861165996488,581.4493344965222
79.1402610381393,58.58764169897359,561.7166930402478
62.5942394180299,46.923426670352285,390.4528064445088
61.599485001482535,64.08039949642958,326.6177417974716
94.77630174817041,80.15504586104065,345.26549664542114
83.28745605078913,85.79067931432805,109.62013300140329
16.972430762707788,38.943467556312946,16.187920286137356
40.89052422747706,83.17398045530227,26.03545324697884
21.164907273298127,73.44333792877916,27.50912833813044
17.637861702063734,38.06439661921986,-9.981416507628094
18.957302733619244,50.07763107252006,13.158427563893468
88.14778543206371,50.284050185411154,803.0771714252228
63.90983530284831,17.912664054926022,191.2208383815125
16.973022981581792,18.162933742751306,41.936042531218135
93.24037150727631,60.00550162196246,747.9828719905731
82.55976927257903,40.38886559815896,669.048704072151
25.470315295251027,23.719377282856225,41.77604275133887
91.75736542086636,46.346090186685316,854.0474132001405
76.49509354587832,58.79395535524284,522.883172115418
91.57558130900952,26.364415683632295,694.6255718249879
61.46555891308189,74.77533306152088,185.29734996166042
47.78297120414661,39.713691270457375,234.12121064111167
45.17548602411084,40.20060390414483,260.93019245962313
39.057643542942486,65.57417453409518,128.01321298562505
19.78282805148539,45.57947512833992,50.481064777461135
62.33272180097026,64.15818136030973,298.6142259612436
89.91042566186161,18.637708917853104,495.011344899983
60.176884305791845,52.48389332540774,329.9573698932226
59.028744064171164,17.63604962122542,194.94360924322874
53.679967898138685,19.285428240660494,167.059716989189
91.50379163376063,25.779608833756193,663.6517819767745
92.58746077186753,78.91767849964428,317.2883831706014
51.550548214610274,49.85955639291558,246.49814993059454
54.64091364437903,39.40084284487613,298.4269092937164
55.34752420309909,87.5489562925468,25.496436990156354
16.906443710434676,51.40140903381003,61.137208492020775
76.47506052838646,47.29555755340706,607.0819950540682
52.371049965886655,45.39826503817158,264.77581527117997
94.65897956079759,20.798776886162912,649.509418587728
22.10420301203894,35.944946858784036,16.999898809914807
49.492149779867354,59.49849235624321,184.80718702174136
52.13165313064237,29.804966347398462,228.08960133969703
17.567651131344405,33.67142925978621,12.510257733558461
29.825563567192685,44.23605379492092,109.96552282278284
18.873699324047838,21.816426450983446,18.84323922472143
84.17361235047422,19.295856014040183,454.02669821577047
76.41240954215225,79.0407756803128,228.0439855836895
77.43139682248795,16.918962216545587,376.4976163693493
61.080417029153686,82.19591975585854,119.2971282508234
63.12382034522437,85.40310073575661,44.199977091203834
65.77485006299396,33.75705966201108,419.6779547524442
21.010343916817714,76.10052638028156,42.99285683026655
68.26404931394399,31.790213347915834,435.91172518505175
57.46535767781167,44.4584914596242,369.1818234887948
46.23410254231155,52.312437857305405,190.49086873468275
79.26884999589412,69.5530383099707,408.9836566434709
46.75616048021519,80.92735370220566,58.44222344726276
92.65357541619379,53.44344651022255,870.5137038716316
61.32338410360139,80.4599763219214,133.9838634139288
33.53447243956241,48.96928515718856,117.62657859763318
91.40763371886821,64.69438486416016,657.7415853668588
39.42823147613021,20.063747987886025,144.46162007954734
37.562836609026746,85.00878089528845,49.153328277970466
13.874304511716419,32.79723185040383,17.278444871910263
59.749857112222855,76.74427133357756,136.1028989492484
30.153530846345042,85.6717713053403,-5.221398397492843
63.972286614225716,15.538645722167406,178.61361748466308
34.50104274783829,16.036442089855505,74.24994477659084
69.6049703656123,78.41644477554891,196.75956086676246
12.832283357940481,58.00756439327479,-14.271602430407299
48.16128687431167,38.531706874808634,229.2282214382468
61.53212790907462,48.7836290148039,378.38268908760705
32.291749458487416,18.98132929987171,49.79674961372167
56.49424423767292,72.90761649206061,173.76735532556157
23.185680843794884,72.41319744659883,33.02835672867021
28.66289835914307,57.023890938976024,90.48394550308682
38.73491270604747,49.45789894996599,133.2399545542628
30.863130589204633,39.08679222397696,70.68541834155631
17.67782353336278,24.058819503401995,-24.32596914059994
79.32315369009802,49.22746928698584,662.9298352934869
67.54667026339112,57.162731376791264,385.97674835775746
57.007630710006005,55.7844994687388,303.7489591007204
85.90066026103256,35.77733995133474,734.391843949507
85.62978595026235,15.960950689680597,390.07315802430975
76.58238224555949,42.33077578012181,613.5228002729054
23.366410548090677,40.15393615583525,39.59631807901562
27.49111676353958,22.45614030803832,29.703568601616528
82.34502185341951,72.9266241478754,368.2552673200929
46.7710943641949,81.17610274309244,46.08609521521829
38.326047424248976,86.034995366074,1.1268976082151703
79.92074909106637,38.50623381075479,588.1188761866957
44.25809371621285,24.33964183378218,115.76574650520732
86.42513315903797,44.379782869751295,817.3164978522813
45.68119248993525,84.8107378075897,31.63315983576731
54.161731692912106,23.410229518589205,213.15237045090652
35.71712285252982,64.37429057967267,101.1687997806209
20.995821032878716,85.77922409092558,34.342695263520405
37.47257213406031,66.19423282552144,90.43404766416016
39.95685571940412,30.876246767048976,122.18848906619526
53.05011648790117,48.21207329031906,302.7877809268546
70.14338719251387,42.38352552874991,516.3406912420259
91.30914272481145,74.12354357162312,462.2898569339238
42.128011123828514,63.55203090635209,132.18355134537825
22.595791136226808,43.484584849336805,73.49273906926051
72.78864041295752,49.82909240041141,513.6433703735232
68.85859651008334,79.9472994711931,127.27228783612611
50.203159337163,81.61732255448881,63.802310795265626
75.74307326777038,74.78599748496546,324.4731055639159
35.204506175923214,44.47486786205065,127.86330159543535
82.86790490128053,55.90482608533027,636.8585661636747
38.70477470552083,22.267008325945003,118.10713309778055
42.21478760039467,45.190164642263916,137.16173315995727
31.213181744849578,60.139319335670514,98.97697228788095
62.46945094108365,50.77446404381202,394.42076846274483
32.80634483240867,61.83315645878233,90.9598845563902
71.31385110929017,28.55229298610608,429.2279838347649
29.366025446526535,19.02353967691191,43.33010422901195
33.836264165943554,54.14922722692751,74.30832089021122
51.75652200257258,74.88277788223783,112.46335118733744
67.30766773378973,53.98216395216213,469.03441901097733
28.33814685424096,79.4374435693388,29.677918804596626
74.12919720254325,80.90761178691591,192.8881708481597
17.347866502918393,54.737561618834555,53.49684738174444
81.96505777938168,80.47815602460723,219.59715869673946
71.13461567573093,85.87830281027558,102.91147931200389
53.21470680963453,63.09521466163518,272.58321973376354
94.68853636586064,64.24633322478758,748.0243505277347
67.99849425691875,40.810443165761754,499.82019432881054
69.60236273622014,79.98591128155189,207.8187029312697
54.01793358531728,82.19589984341397,81.43829924665971
36.98190729273257,87.53906232935236,12.227833016191774
92.70345053817833,30.329441019904145,767.7148527033435
75.65983905386065,63.8377342309482,454.7647450009687
80.79029715578858,31.22101202647017,581.259085602673
63.17314442115769,42.45862167628255,389.07732635119885
78.21853636885585,71.99482127776056,359.32305923629644
91.81374043110554,45.33182302941236,855.3045757090963
14.44746416663155,57.569502950778784,-6.908361330281046
31.444965022915945,36.73422739216147,76.90235445761306
76.82991795714698,20.62120285653186,398.64066379329626
73.08683235480684,57.19768638703896,502.52063950892165
29.994585237473178,21.012695374182528,75.28098152610553
50.99022292569637,30.765349160083765,220.97451978692695
60.47720218445692,81.86700861145985,88.38874959962659
82.48722346040103,39.8393947741487,684.324355078226
41.83861632695333,75.95684030376702,75.8002046760746
91.9585768827102,71.09388432300292,519.0933570050826
35.47232749565994,87.74085381734824,35.72766562114803
29.79064014741168,41.85062200999211,64.93703895612808
12.85042606180844,58.66557753710174,51.62674509950885
45.982592675596,74.72712102769057,94.21350721986582
41.53863071091244,21.320524304682685,129.75580377315208
85.11071519644484,52.77092999177092,735.6436643414196
87.19350821830602,82.25766375226856,209.09970090371792
74.36448062337118,42.82608637480861,563.9623724805278
23.610073194074733,41.3220586937371,35.355758170309905
94.15184128658066,29.145126514258965,725.8055266078006
13.42673908216782,41.30216895516168,26.41904799138147
89.50198679471667,16.362986347202238,452.29186661496567
50.991728196358196,15.548096819329025,69.1934879720532
63.2526943104081,18.364101056805193,255.467041508434
32.579670255322,17.575644188072346,35.97581780525139
16.41629832680404,62.13249905535575,31.606827317632323
70.0839374739285,67.7191548579452,380.68583114553496
